claim_id,entity_id,predicate,value,source_ids,confidence,retrieved_at
nsd__year,nsd,year,2022,f06dcf04,medium,2026-05-31
nsd__stimulus_modality,nsd,stimulus_modality,image,a0542be5,medium,2026-05-31
nsd__population,nsd,population,healthy-adult,a0542be5,medium,2026-05-31
nsd__n_subjects,nsd,n_subjects,8,f06dcf04,medium,2026-05-31
nsd__n_unique_stimuli,nsd,n_unique_stimuli,73000,f06dcf04,medium,2026-05-31
nsd__stimulus_repeats,nsd,stimulus_repeats,shared-x3,a0542be5,medium,2026-05-31
nsd__hours_per_subject,nsd,hours_per_subject,30-40,f06dcf04,medium,2026-05-31
nsd__field_strength,nsd,field_strength,7T,a0542be5,medium,2026-05-31
nsd__tr_seconds,nsd,tr_seconds,1.6,a0542be5,medium,2026-05-31
nsd__bids_compliant,nsd,bids_compliant,y,a0542be5,medium,2026-05-31
nsd__access,nsd,access,open,f06dcf04,medium,2026-05-31
nsd__licence,nsd,licence,CC-BY-4.0,f06dcf04,medium,2026-05-31
nsd__stimulus_licence,nsd,stimulus_licence,COCO-CC,f06dcf04,medium,2026-05-31
nsd__url,nsd,url,https://naturalscenesdataset.org/,a0542be5,medium,2026-05-31
nsd__doi,nsd,doi,10.1038/s41593-021-00962-x,a0542be5,medium,2026-05-31
nsd__used_in,nsd,used_in,MindEye;MindEye2;TRIBE;Algonauts2023,a0542be5,medium,2026-05-31
nsd__notes,nsd,notes,1.8mm iso 7T; 1000 shared images repeated across subjects,a0542be5,medium,2026-05-31
things-fmri__year,things-fmri,year,2023,a51b93af,medium,2026-05-31
things-fmri__stimulus_modality,things-fmri,stimulus_modality,image,78bfef6f,medium,2026-05-31
things-fmri__population,things-fmri,population,healthy-adult,78bfef6f,medium,2026-05-31
things-fmri__n_subjects,things-fmri,n_subjects,3,a51b93af,medium,2026-05-31
things-fmri__n_unique_stimuli,things-fmri,n_unique_stimuli,8740,a51b93af,medium,2026-05-31
things-fmri__stimulus_repeats,things-fmri,stimulus_repeats,12-sessions,78bfef6f,medium,2026-05-31
things-fmri__hours_per_subject,things-fmri,hours_per_subject,~12,a51b93af,medium,2026-05-31
things-fmri__field_strength,things-fmri,field_strength,3T,78bfef6f,medium,2026-05-31
things-fmri__tr_seconds,things-fmri,tr_seconds,1.5,78bfef6f,medium,2026-05-31
things-fmri__bids_compliant,things-fmri,bids_compliant,y,78bfef6f,medium,2026-05-31
things-fmri__access,things-fmri,access,openneuro,a51b93af,medium,2026-05-31
things-fmri__licence,things-fmri,licence,CC-BY-4.0,a51b93af,medium,2026-05-31
things-fmri__stimulus_licence,things-fmri,stimulus_licence,CC-BY,a51b93af,medium,2026-05-31
things-fmri__url,things-fmri,url,https://openneuro.org/datasets/ds004192,78bfef6f,medium,2026-05-31
things-fmri__doi,things-fmri,doi,10.7554/eLife.82580,78bfef6f,medium,2026-05-31
things-fmri__used_in,things-fmri,used_in,THINGS-Initiative,78bfef6f,medium,2026-05-31
things-fmri__notes,things-fmri,notes,720 object concepts; OpenNeuro ds004192,78bfef6f,medium,2026-05-31
nod__year,nod,year,2023,859e0ff7,medium,2026-05-31
nod__stimulus_modality,nod,stimulus_modality,image,a2f1a9c0,medium,2026-05-31
nod__population,nod,population,healthy-adult,a2f1a9c0,medium,2026-05-31
nod__n_subjects,nod,n_subjects,30,859e0ff7,medium,2026-05-31
nod__n_unique_stimuli,nod,n_unique_stimuli,57120,859e0ff7,medium,2026-05-31
nod__stimulus_repeats,nod,stimulus_repeats,multi,a2f1a9c0,medium,2026-05-31
nod__hours_per_subject,nod,hours_per_subject,~12,859e0ff7,medium,2026-05-31
nod__field_strength,nod,field_strength,3T,a2f1a9c0,medium,2026-05-31
nod__tr_seconds,nod,tr_seconds,2.0,a2f1a9c0,medium,2026-05-31
nod__bids_compliant,nod,bids_compliant,y,a2f1a9c0,medium,2026-05-31
nod__access,nod,access,openneuro,859e0ff7,medium,2026-05-31
nod__licence,nod,licence,CC-BY-4.0,859e0ff7,medium,2026-05-31
nod__stimulus_licence,nod,stimulus_licence,ImageNet-research,859e0ff7,medium,2026-05-31
nod__url,nod,url,https://openneuro.org/datasets/ds004496,a2f1a9c0,medium,2026-05-31
nod__doi,nod,doi,10.1038/s41597-023-02471-x,a2f1a9c0,medium,2026-05-31
nod__notes,nod,notes,ImageNet objects across 30 subjects,a2f1a9c0,medium,2026-05-31
bold5000__year,bold5000,year,2018,e2696260,medium,2026-05-31
bold5000__stimulus_modality,bold5000,stimulus_modality,image,076f5dbd,medium,2026-05-31
bold5000__population,bold5000,population,healthy-adult,076f5dbd,medium,2026-05-31
bold5000__n_subjects,bold5000,n_subjects,4,e2696260,medium,2026-05-31
bold5000__n_unique_stimuli,bold5000,n_unique_stimuli,4916,e2696260,medium,2026-05-31
bold5000__stimulus_repeats,bold5000,stimulus_repeats,15-sessions,076f5dbd,medium,2026-05-31
bold5000__hours_per_subject,bold5000,hours_per_subject,~20,e2696260,medium,2026-05-31
bold5000__field_strength,bold5000,field_strength,3T,076f5dbd,medium,2026-05-31
bold5000__tr_seconds,bold5000,tr_seconds,2.0,076f5dbd,medium,2026-05-31
bold5000__bids_compliant,bold5000,bids_compliant,y,076f5dbd,medium,2026-05-31
bold5000__access,bold5000,access,open,e2696260,medium,2026-05-31
bold5000__licence,bold5000,licence,CC-BY-4.0,e2696260,medium,2026-05-31
bold5000__stimulus_licence,bold5000,stimulus_licence,COCO+ImageNet+Scene-mixed,e2696260,medium,2026-05-31
bold5000__url,bold5000,url,https://bold5000-dataset.github.io/website/,076f5dbd,medium,2026-05-31
bold5000__doi,bold5000,doi,10.1038/s41597-019-0052-3,076f5dbd,medium,2026-05-31
bold5000__used_in,bold5000,used_in,many,076f5dbd,medium,2026-05-31
bold5000__notes,bold5000,notes,Mix of COCO (2000) + ImageNet (1916) + Scene (1000),076f5dbd,medium,2026-05-31
god-kamitani__year,god-kamitani,year,2017,4c22234f,medium,2026-05-31
god-kamitani__stimulus_modality,god-kamitani,stimulus_modality,image,07e54cf1,medium,2026-05-31
god-kamitani__population,god-kamitani,population,healthy-adult,07e54cf1,medium,2026-05-31
god-kamitani__n_subjects,god-kamitani,n_subjects,5,4c22234f,medium,2026-05-31
god-kamitani__n_unique_stimuli,god-kamitani,n_unique_stimuli,1250,4c22234f,medium,2026-05-31
god-kamitani__stimulus_repeats,god-kamitani,stimulus_repeats,train-x1-test-x35,07e54cf1,medium,2026-05-31
god-kamitani__hours_per_subject,god-kamitani,hours_per_subject,~12,4c22234f,medium,2026-05-31
god-kamitani__field_strength,god-kamitani,field_strength,3T,07e54cf1,medium,2026-05-31
god-kamitani__tr_seconds,god-kamitani,tr_seconds,3.0,07e54cf1,medium,2026-05-31
god-kamitani__bids_compliant,god-kamitani,bids_compliant,y,07e54cf1,medium,2026-05-31
god-kamitani__access,god-kamitani,access,openneuro,4c22234f,medium,2026-05-31
god-kamitani__licence,god-kamitani,licence,CC0,4c22234f,medium,2026-05-31
god-kamitani__stimulus_licence,god-kamitani,stimulus_licence,ImageNet-research,4c22234f,medium,2026-05-31
god-kamitani__url,god-kamitani,url,https://openneuro.org/datasets/ds001246,07e54cf1,medium,2026-05-31
god-kamitani__doi,god-kamitani,doi,10.1038/ncomms15037,07e54cf1,medium,2026-05-31
god-kamitani__used_in,god-kamitani,used_in,many,07e54cf1,medium,2026-05-31
god-kamitani__notes,god-kamitani,notes,Includes mental imagery condition,07e54cf1,medium,2026-05-31
deep-image-recon__year,deep-image-recon,year,2019,57e5102b,medium,2026-05-31
deep-image-recon__stimulus_modality,deep-image-recon,stimulus_modality,image,d0892467,medium,2026-05-31
deep-image-recon__population,deep-image-recon,population,healthy-adult,d0892467,medium,2026-05-31
deep-image-recon__n_subjects,deep-image-recon,n_subjects,3,57e5102b,medium,2026-05-31
deep-image-recon__n_unique_stimuli,deep-image-recon,n_unique_stimuli,1250,57e5102b,medium,2026-05-31
deep-image-recon__stimulus_repeats,deep-image-recon,stimulus_repeats,train-x5-test-x24,d0892467,medium,2026-05-31
deep-image-recon__hours_per_subject,deep-image-recon,hours_per_subject,~10,57e5102b,medium,2026-05-31
deep-image-recon__field_strength,deep-image-recon,field_strength,3T,d0892467,medium,2026-05-31
deep-image-recon__tr_seconds,deep-image-recon,tr_seconds,3.0,d0892467,medium,2026-05-31
deep-image-recon__bids_compliant,deep-image-recon,bids_compliant,y,d0892467,medium,2026-05-31
deep-image-recon__access,deep-image-recon,access,openneuro,57e5102b,medium,2026-05-31
deep-image-recon__licence,deep-image-recon,licence,CC0,57e5102b,medium,2026-05-31
deep-image-recon__stimulus_licence,deep-image-recon,stimulus_licence,ImageNet-research,57e5102b,medium,2026-05-31
deep-image-recon__url,deep-image-recon,url,https://openneuro.org/datasets/ds001506,d0892467,medium,2026-05-31
deep-image-recon__doi,deep-image-recon,doi,10.1371/journal.pcbi.1006633,d0892467,medium,2026-05-31
deep-image-recon__notes,deep-image-recon,notes,Companion to GOD; used in Shen et al PLoS CB 2019,d0892467,medium,2026-05-31
vim-1__year,vim-1,year,2008,0b8ce132,medium,2026-05-31
vim-1__stimulus_modality,vim-1,stimulus_modality,image,0b8ce132,medium,2026-05-31
vim-1__population,vim-1,population,healthy-adult,0b8ce132,medium,2026-05-31
vim-1__n_subjects,vim-1,n_subjects,2,0b8ce132,medium,2026-05-31
vim-1__n_unique_stimuli,vim-1,n_unique_stimuli,1870,0b8ce132,medium,2026-05-31
vim-1__stimulus_repeats,vim-1,stimulus_repeats,train-x2-val-x13,0b8ce132,medium,2026-05-31
vim-1__hours_per_subject,vim-1,hours_per_subject,-,0b8ce132,low,2026-05-31
vim-1__field_strength,vim-1,field_strength,4T,0b8ce132,medium,2026-05-31
vim-1__tr_seconds,vim-1,tr_seconds,1.0,0b8ce132,medium,2026-05-31
vim-1__bids_compliant,vim-1,bids_compliant,n,0b8ce132,medium,2026-05-31
vim-1__access,vim-1,access,application,0b8ce132,medium,2026-05-31
vim-1__licence,vim-1,licence,research-only,0b8ce132,medium,2026-05-31
vim-1__stimulus_licence,vim-1,stimulus_licence,research-only,0b8ce132,medium,2026-05-31
vim-1__url,vim-1,url,https://crcns.org/data-sets/vc/vim-1,0b8ce132,medium,2026-05-31
vim-1__used_in,vim-1,used_in,Kay2008-Nature;many,0b8ce132,medium,2026-05-31
vim-1__notes,vim-1,notes,Classic encoding benchmark; 4T legacy scanner,0b8ce132,medium,2026-05-31
haxby-vt__year,haxby-vt,year,2001,e8eac60d,medium,2026-05-31
haxby-vt__stimulus_modality,haxby-vt,stimulus_modality,image,fda24db4,medium,2026-05-31
haxby-vt__population,haxby-vt,population,healthy-adult,fda24db4,medium,2026-05-31
haxby-vt__n_subjects,haxby-vt,n_subjects,6,e8eac60d,medium,2026-05-31
haxby-vt__n_unique_stimuli,haxby-vt,n_unique_stimuli,8-categories,e8eac60d,medium,2026-05-31
haxby-vt__stimulus_repeats,haxby-vt,stimulus_repeats,12-runs,fda24db4,medium,2026-05-31
haxby-vt__hours_per_subject,haxby-vt,hours_per_subject,-,e8eac60d,low,2026-05-31
haxby-vt__field_strength,haxby-vt,field_strength,3T,fda24db4,medium,2026-05-31
haxby-vt__tr_seconds,haxby-vt,tr_seconds,2.5,fda24db4,medium,2026-05-31
haxby-vt__bids_compliant,haxby-vt,bids_compliant,y,fda24db4,medium,2026-05-31
haxby-vt__access,haxby-vt,access,openneuro,e8eac60d,medium,2026-05-31
haxby-vt__licence,haxby-vt,licence,PDDL,e8eac60d,medium,2026-05-31
haxby-vt__stimulus_licence,haxby-vt,stimulus_licence,research-only,e8eac60d,medium,2026-05-31
haxby-vt__url,haxby-vt,url,https://openneuro.org/datasets/ds000105,fda24db4,medium,2026-05-31
haxby-vt__doi,haxby-vt,doi,10.1126/science.1063736,fda24db4,medium,2026-05-31
haxby-vt__used_in,haxby-vt,used_in,PyMVPA-tutorials,fda24db4,medium,2026-05-31
haxby-vt__notes,haxby-vt,notes,Block-design face/object localizer; teaching dataset,fda24db4,medium,2026-05-31
cneuromod-things__year,cneuromod-things,year,2025,bce15728,medium,2026-05-31
cneuromod-things__stimulus_modality,cneuromod-things,stimulus_modality,image,3e264ec9,medium,2026-05-31
cneuromod-things__population,cneuromod-things,population,healthy-adult,3e264ec9,medium,2026-05-31
cneuromod-things__n_subjects,cneuromod-things,n_subjects,4,bce15728,medium,2026-05-31
cneuromod-things__n_unique_stimuli,cneuromod-things,n_unique_stimuli,8740,bce15728,medium,2026-05-31
cneuromod-things__stimulus_repeats,cneuromod-things,stimulus_repeats,dense,3e264ec9,medium,2026-05-31
cneuromod-things__hours_per_subject,cneuromod-things,hours_per_subject,very-high,bce15728,medium,2026-05-31
cneuromod-things__field_strength,cneuromod-things,field_strength,3T,3e264ec9,medium,2026-05-31
cneuromod-things__tr_seconds,cneuromod-things,tr_seconds,1.49,3e264ec9,medium,2026-05-31
cneuromod-things__bids_compliant,cneuromod-things,bids_compliant,y,3e264ec9,medium,2026-05-31
cneuromod-things__access,cneuromod-things,access,application,bce15728,medium,2026-05-31
cneuromod-things__licence,cneuromod-things,licence,CC-BY-NC,bce15728,medium,2026-05-31
cneuromod-things__stimulus_licence,cneuromod-things,stimulus_licence,CC-BY,bce15728,medium,2026-05-31
cneuromod-things__url,cneuromod-things,url,https://github.com/courtois-neuromod/cneuromod,3e264ec9,medium,2026-05-31
cneuromod-things__doi,cneuromod-things,doi,10.1038/s41597-026-06591-y,3e264ec9,medium,2026-05-31
cneuromod-things__notes,cneuromod-things,notes,Dense per-subject THINGS image presentation,3e264ec9,medium,2026-05-31
bmd__year,bmd,year,2024,3ee70ca4,medium,2026-05-31
bmd__stimulus_modality,bmd,stimulus_modality,video,62bd8a9a,medium,2026-05-31
bmd__population,bmd,population,healthy-adult,62bd8a9a,medium,2026-05-31
bmd__n_subjects,bmd,n_subjects,10,3ee70ca4,medium,2026-05-31
bmd__n_unique_stimuli,bmd,n_unique_stimuli,1102,3ee70ca4,medium,2026-05-31
bmd__stimulus_repeats,bmd,stimulus_repeats,train-x3-test-x10,62bd8a9a,medium,2026-05-31
bmd__hours_per_subject,bmd,hours_per_subject,~10,3ee70ca4,medium,2026-05-31
bmd__field_strength,bmd,field_strength,3T,62bd8a9a,medium,2026-05-31
bmd__tr_seconds,bmd,tr_seconds,1.75,62bd8a9a,medium,2026-05-31
bmd__bids_compliant,bmd,bids_compliant,y,62bd8a9a,medium,2026-05-31
bmd__access,bmd,access,openneuro,3ee70ca4,medium,2026-05-31
bmd__licence,bmd,licence,CC-BY-4.0,3ee70ca4,medium,2026-05-31
bmd__stimulus_licence,bmd,stimulus_licence,Memento10k-research,3ee70ca4,medium,2026-05-31
bmd__url,bmd,url,https://openneuro.org/datasets/ds005165,62bd8a9a,medium,2026-05-31
bmd__doi,bmd,doi,10.1038/s41467-024-50310-3,62bd8a9a,medium,2026-05-31
bmd__used_in,bmd,used_in,Algonauts2021,62bd8a9a,medium,2026-05-31
bmd__notes,bmd,notes,1102 x 3s videos from Memento10k,62bd8a9a,medium,2026-05-31
nfed__year,nfed,year,2024,07ad33b9,medium,2026-05-31
nfed__stimulus_modality,nfed,stimulus_modality,video,67bf14ad,medium,2026-05-31
nfed__population,nfed,population,healthy-adult,67bf14ad,medium,2026-05-31
nfed__n_unique_stimuli,nfed,n_unique_stimuli,1320,07ad33b9,medium,2026-05-31
nfed__stimulus_repeats,nfed,stimulus_repeats,multi,67bf14ad,medium,2026-05-31
nfed__field_strength,nfed,field_strength,3T,67bf14ad,medium,2026-05-31
nfed__bids_compliant,nfed,bids_compliant,y,67bf14ad,medium,2026-05-31
nfed__access,nfed,access,openneuro,07ad33b9,medium,2026-05-31
nfed__licence,nfed,licence,CC-BY-4.0,07ad33b9,medium,2026-05-31
nfed__url,nfed,url,https://www.nature.com/articles/s41597-024-04088-0,67bf14ad,medium,2026-05-31
nfed__doi,nfed,doi,10.1038/s41597-024-04088-0,67bf14ad,medium,2026-05-31
nfed__notes,nfed,notes,1320 x 3s naturalistic face videos,67bf14ad,medium,2026-05-31
vim-2__year,vim-2,year,2011,78b993e0,medium,2026-05-31
vim-2__stimulus_modality,vim-2,stimulus_modality,video,78b993e0,medium,2026-05-31
vim-2__population,vim-2,population,healthy-adult,78b993e0,medium,2026-05-31
vim-2__n_subjects,vim-2,n_subjects,3,78b993e0,medium,2026-05-31
vim-2__n_unique_stimuli,vim-2,n_unique_stimuli,-,78b993e0,low,2026-05-31
vim-2__stimulus_repeats,vim-2,stimulus_repeats,train-long-test-rep,78b993e0,medium,2026-05-31
vim-2__field_strength,vim-2,field_strength,4T,78b993e0,medium,2026-05-31
vim-2__tr_seconds,vim-2,tr_seconds,1.0,78b993e0,medium,2026-05-31
vim-2__bids_compliant,vim-2,bids_compliant,n,78b993e0,medium,2026-05-31
vim-2__access,vim-2,access,application,78b993e0,medium,2026-05-31
vim-2__licence,vim-2,licence,research-only,78b993e0,medium,2026-05-31
vim-2__stimulus_licence,vim-2,stimulus_licence,research-only,78b993e0,medium,2026-05-31
vim-2__url,vim-2,url,https://crcns.org/data-sets/vc/vim-2,78b993e0,medium,2026-05-31
vim-2__used_in,vim-2,used_in,Nishimoto2011-Curr-Biol,78b993e0,medium,2026-05-31
vim-2__notes,vim-2,notes,Natural movie clips,78b993e0,medium,2026-05-31
vim-3__year,vim-3,year,2023,4f190835,medium,2026-05-31
vim-3__stimulus_modality,vim-3,stimulus_modality,video,4f190835,medium,2026-05-31
vim-3__population,vim-3,population,healthy-adult,4f190835,medium,2026-05-31
vim-3__n_unique_stimuli,vim-3,n_unique_stimuli,-,4f190835,low,2026-05-31
vim-3__stimulus_repeats,vim-3,stimulus_repeats,repeated,4f190835,medium,2026-05-31
vim-3__field_strength,vim-3,field_strength,7T,4f190835,medium,2026-05-31
vim-3__bids_compliant,vim-3,bids_compliant,n,4f190835,medium,2026-05-31
vim-3__access,vim-3,access,application,4f190835,medium,2026-05-31
vim-3__licence,vim-3,licence,research-only,4f190835,medium,2026-05-31
vim-3__stimulus_licence,vim-3,stimulus_licence,research-only,4f190835,medium,2026-05-31
vim-3__url,vim-3,url,https://crcns.org/data-sets/vc/vim-3,4f190835,medium,2026-05-31
vim-3__notes,vim-3,notes,7T extension of vim series,4f190835,medium,2026-05-31
studyforrest__year,studyforrest,year,2014,44e81d48,medium,2026-05-31
studyforrest__stimulus_modality,studyforrest,stimulus_modality,film,15e9f63f,medium,2026-05-31
studyforrest__population,studyforrest,population,healthy-adult,15e9f63f,medium,2026-05-31
studyforrest__n_subjects,studyforrest,n_subjects,20,44e81d48,medium,2026-05-31
studyforrest__n_unique_stimuli,studyforrest,n_unique_stimuli,-,44e81d48,low,2026-05-31
studyforrest__stimulus_repeats,studyforrest,stimulus_repeats,2-passes-15-subs,15e9f63f,medium,2026-05-31
studyforrest__hours_per_subject,studyforrest,hours_per_subject,~8,44e81d48,medium,2026-05-31
studyforrest__field_strength,studyforrest,field_strength,7T,15e9f63f,medium,2026-05-31
studyforrest__tr_seconds,studyforrest,tr_seconds,2.0,15e9f63f,medium,2026-05-31
studyforrest__bids_compliant,studyforrest,bids_compliant,y,15e9f63f,medium,2026-05-31
studyforrest__access,studyforrest,access,openneuro,44e81d48,medium,2026-05-31
studyforrest__licence,studyforrest,licence,PDDL,44e81d48,medium,2026-05-31
studyforrest__stimulus_licence,studyforrest,stimulus_licence,proprietary,44e81d48,medium,2026-05-31
studyforrest__url,studyforrest,url,https://www.studyforrest.org/,15e9f63f,medium,2026-05-31
studyforrest__doi,studyforrest,doi,10.18112/openneuro.ds000113.v1.3.0,15e9f63f,medium,2026-05-31
studyforrest__used_in,studyforrest,used_in,many,15e9f63f,medium,2026-05-31
studyforrest__notes,studyforrest,notes,Forrest Gump audio (7T) + AV (3T) + retinotopy + music + localizers,15e9f63f,medium,2026-05-31
studyforrest-music__year,studyforrest-music,year,2014,15e9f63f,medium,2026-05-31
studyforrest-music__stimulus_modality,studyforrest-music,stimulus_modality,music,15e9f63f,medium,2026-05-31
studyforrest-music__population,studyforrest-music,population,healthy-adult,15e9f63f,medium,2026-05-31
studyforrest-music__n_subjects,studyforrest-music,n_subjects,20,15e9f63f,medium,2026-05-31
studyforrest-music__n_unique_stimuli,studyforrest-music,n_unique_stimuli,125,15e9f63f,medium,2026-05-31
studyforrest-music__stimulus_repeats,studyforrest-music,stimulus_repeats,8-runs,15e9f63f,medium,2026-05-31
studyforrest-music__field_strength,studyforrest-music,field_strength,7T,15e9f63f,medium,2026-05-31
studyforrest-music__tr_seconds,studyforrest-music,tr_seconds,2.0,15e9f63f,medium,2026-05-31
studyforrest-music__bids_compliant,studyforrest-music,bids_compliant,y,15e9f63f,medium,2026-05-31
studyforrest-music__access,studyforrest-music,access,openneuro,15e9f63f,medium,2026-05-31
studyforrest-music__licence,studyforrest-music,licence,PDDL,15e9f63f,medium,2026-05-31
studyforrest-music__stimulus_licence,studyforrest-music,stimulus_licence,research-only,15e9f63f,medium,2026-05-31
studyforrest-music__url,studyforrest-music,url,https://www.studyforrest.org/,15e9f63f,medium,2026-05-31
studyforrest-music__notes,studyforrest-music,notes,25 segments x 5 genres; part of studyforrest,15e9f63f,medium,2026-05-31
nndb__year,nndb,year,2024,3beec266,medium,2026-05-31
nndb__stimulus_modality,nndb,stimulus_modality,film,3beec266,medium,2026-05-31
nndb__population,nndb,population,healthy-adult,3beec266,medium,2026-05-31
nndb__n_subjects,nndb,n_subjects,40,3beec266,medium,2026-05-31
nndb__n_unique_stimuli,nndb,n_unique_stimuli,1,3beec266,medium,2026-05-31
nndb__stimulus_repeats,nndb,stimulus_repeats,full-film,3beec266,medium,2026-05-31
nndb__hours_per_subject,nndb,hours_per_subject,~2,3beec266,medium,2026-05-31
nndb__field_strength,nndb,field_strength,3T,3beec266,medium,2026-05-31
nndb__bids_compliant,nndb,bids_compliant,y,3beec266,medium,2026-05-31
nndb__access,nndb,access,open,3beec266,medium,2026-05-31
nndb__licence,nndb,licence,CC-BY-4.0,3beec266,medium,2026-05-31
nndb__stimulus_licence,nndb,stimulus_licence,proprietary,3beec266,medium,2026-05-31
nndb__url,nndb,url,https://www.naturalistic-neuroimaging-database.org/,3beec266,medium,2026-05-31
nndb__notes,nndb,notes,Back to the Future + retinotopy/somatotopy/tonotopy,3beec266,medium,2026-05-31
spacetop__year,spacetop,year,2024,7fd0de2a,medium,2026-05-31
spacetop__stimulus_modality,spacetop,stimulus_modality,film,7fd0de2a,medium,2026-05-31
spacetop__population,spacetop,population,healthy-adult,7fd0de2a,medium,2026-05-31
spacetop__n_subjects,spacetop,n_subjects,101,7fd0de2a,medium,2026-05-31
spacetop__n_unique_stimuli,spacetop,n_unique_stimuli,-,7fd0de2a,low,2026-05-31
spacetop__stimulus_repeats,spacetop,stimulus_repeats,-,7fd0de2a,low,2026-05-31
spacetop__hours_per_subject,spacetop,hours_per_subject,6,7fd0de2a,medium,2026-05-31
spacetop__field_strength,spacetop,field_strength,3T,7fd0de2a,medium,2026-05-31
spacetop__bids_compliant,spacetop,bids_compliant,y,7fd0de2a,medium,2026-05-31
spacetop__access,spacetop,access,open,7fd0de2a,medium,2026-05-31
spacetop__licence,spacetop,licence,CC-BY-4.0,7fd0de2a,medium,2026-05-31
spacetop__stimulus_licence,spacetop,stimulus_licence,mixed,7fd0de2a,medium,2026-05-31
spacetop__url,spacetop,url,https://www.ncbi.nlm.nih.gov/pmc/articles/PMC12373947/,7fd0de2a,medium,2026-05-31
spacetop__notes,spacetop,notes,2h naturalistic + 4h tasks; includes physiology,7fd0de2a,medium,2026-05-31
natview__year,natview,year,2023,4216f39c,medium,2026-05-31
natview__stimulus_modality,natview,stimulus_modality,film,569cd405,medium,2026-05-31
natview__population,natview,population,healthy-adult,569cd405,medium,2026-05-31
natview__n_subjects,natview,n_subjects,22,4216f39c,medium,2026-05-31
natview__n_unique_stimuli,natview,n_unique_stimuli,-,4216f39c,low,2026-05-31
natview__stimulus_repeats,natview,stimulus_repeats,2-sessions,569cd405,medium,2026-05-31
natview__hours_per_subject,natview,hours_per_subject,~2,4216f39c,medium,2026-05-31
natview__field_strength,natview,field_strength,3T,569cd405,medium,2026-05-31
natview__tr_seconds,natview,tr_seconds,2.1,569cd405,medium,2026-05-31
natview__bids_compliant,natview,bids_compliant,y,569cd405,medium,2026-05-31
natview__access,natview,access,open,4216f39c,medium,2026-05-31
natview__licence,natview,licence,CC-BY-4.0,4216f39c,medium,2026-05-31
natview__stimulus_licence,natview,stimulus_licence,proprietary,4216f39c,medium,2026-05-31
natview__url,natview,url,https://www.nature.com/articles/s41597-023-02458-8,569cd405,medium,2026-05-31
natview__doi,natview,doi,10.1038/s41597-023-02458-8,569cd405,medium,2026-05-31
natview__notes,natview,notes,Simultaneous EEG-fMRI movies + checkerboard + breath-hold,569cd405,medium,2026-05-31
ieeg-fmri-pumzi__year,ieeg-fmri-pumzi,year,2022,19dfbd5d,medium,2026-05-31
ieeg-fmri-pumzi__stimulus_modality,ieeg-fmri-pumzi,stimulus_modality,film,19dfbd5d,medium,2026-05-31
ieeg-fmri-pumzi__population,ieeg-fmri-pumzi,population,mixed-clinical,19dfbd5d,medium,2026-05-31
ieeg-fmri-pumzi__n_subjects,ieeg-fmri-pumzi,n_subjects,81,19dfbd5d,medium,2026-05-31
ieeg-fmri-pumzi__n_unique_stimuli,ieeg-fmri-pumzi,n_unique_stimuli,1,19dfbd5d,medium,2026-05-31
ieeg-fmri-pumzi__stimulus_repeats,ieeg-fmri-pumzi,stimulus_repeats,1,19dfbd5d,medium,2026-05-31
ieeg-fmri-pumzi__hours_per_subject,ieeg-fmri-pumzi,hours_per_subject,0.4,19dfbd5d,medium,2026-05-31
ieeg-fmri-pumzi__field_strength,ieeg-fmri-pumzi,field_strength,3T,19dfbd5d,medium,2026-05-31
ieeg-fmri-pumzi__bids_compliant,ieeg-fmri-pumzi,bids_compliant,y,19dfbd5d,medium,2026-05-31
ieeg-fmri-pumzi__access,ieeg-fmri-pumzi,access,openneuro,19dfbd5d,medium,2026-05-31
ieeg-fmri-pumzi__licence,ieeg-fmri-pumzi,licence,CC-BY-4.0,19dfbd5d,medium,2026-05-31
ieeg-fmri-pumzi__stimulus_licence,ieeg-fmri-pumzi,stimulus_licence,proprietary,19dfbd5d,medium,2026-05-31
ieeg-fmri-pumzi__url,ieeg-fmri-pumzi,url,https://openneuro.org/datasets/ds003688,19dfbd5d,medium,2026-05-31
ieeg-fmri-pumzi__notes,ieeg-fmri-pumzi,notes,51 iEEG + 30 fMRI watching 24-min Pumzi sci-fi short,19dfbd5d,medium,2026-05-31
cneuromod-friends__year,cneuromod-friends,year,2018,3e264ec9,medium,2026-05-31
cneuromod-friends__stimulus_modality,cneuromod-friends,stimulus_modality,tv,3e264ec9,medium,2026-05-31
cneuromod-friends__population,cneuromod-friends,population,healthy-adult,3e264ec9,medium,2026-05-31
cneuromod-friends__n_subjects,cneuromod-friends,n_subjects,6,3e264ec9,medium,2026-05-31
cneuromod-friends__n_unique_stimuli,cneuromod-friends,n_unique_stimuli,-,3e264ec9,low,2026-05-31
cneuromod-friends__stimulus_repeats,cneuromod-friends,stimulus_repeats,1,3e264ec9,medium,2026-05-31
cneuromod-friends__hours_per_subject,cneuromod-friends,hours_per_subject,100+,3e264ec9,medium,2026-05-31
cneuromod-friends__field_strength,cneuromod-friends,field_strength,3T,3e264ec9,medium,2026-05-31
cneuromod-friends__tr_seconds,cneuromod-friends,tr_seconds,1.49,3e264ec9,medium,2026-05-31
cneuromod-friends__bids_compliant,cneuromod-friends,bids_compliant,y,3e264ec9,medium,2026-05-31
cneuromod-friends__access,cneuromod-friends,access,application,3e264ec9,medium,2026-05-31
cneuromod-friends__licence,cneuromod-friends,licence,CC-BY-NC,3e264ec9,medium,2026-05-31
cneuromod-friends__stimulus_licence,cneuromod-friends,stimulus_licence,proprietary,3e264ec9,medium,2026-05-31
cneuromod-friends__url,cneuromod-friends,url,https://github.com/courtois-neuromod/cneuromod,3e264ec9,medium,2026-05-31
cneuromod-friends__used_in,cneuromod-friends,used_in,TRIBE;Algonauts2025,3e264ec9,medium,2026-05-31
cneuromod-friends__notes,cneuromod-friends,notes,Friends S1-S7; sub-01/03/05 open subset,3e264ec9,medium,2026-05-31
cneuromod-movie10__year,cneuromod-movie10,year,2018,3e264ec9,medium,2026-05-31
cneuromod-movie10__stimulus_modality,cneuromod-movie10,stimulus_modality,film,3e264ec9,medium,2026-05-31
cneuromod-movie10__population,cneuromod-movie10,population,healthy-adult,3e264ec9,medium,2026-05-31
cneuromod-movie10__n_subjects,cneuromod-movie10,n_subjects,6,3e264ec9,medium,2026-05-31
cneuromod-movie10__n_unique_stimuli,cneuromod-movie10,n_unique_stimuli,4,3e264ec9,medium,2026-05-31
cneuromod-movie10__stimulus_repeats,cneuromod-movie10,stimulus_repeats,1,3e264ec9,medium,2026-05-31
cneuromod-movie10__hours_per_subject,cneuromod-movie10,hours_per_subject,10,3e264ec9,medium,2026-05-31
cneuromod-movie10__field_strength,cneuromod-movie10,field_strength,3T,3e264ec9,medium,2026-05-31
cneuromod-movie10__tr_seconds,cneuromod-movie10,tr_seconds,1.49,3e264ec9,medium,2026-05-31
cneuromod-movie10__bids_compliant,cneuromod-movie10,bids_compliant,y,3e264ec9,medium,2026-05-31
cneuromod-movie10__access,cneuromod-movie10,access,application,3e264ec9,medium,2026-05-31
cneuromod-movie10__licence,cneuromod-movie10,licence,CC-BY-NC,3e264ec9,medium,2026-05-31
cneuromod-movie10__stimulus_licence,cneuromod-movie10,stimulus_licence,proprietary,3e264ec9,medium,2026-05-31
cneuromod-movie10__url,cneuromod-movie10,url,https://github.com/courtois-neuromod/cneuromod,3e264ec9,medium,2026-05-31
cneuromod-movie10__used_in,cneuromod-movie10,used_in,TRIBE;Algonauts2025,3e264ec9,medium,2026-05-31
cneuromod-movie10__notes,cneuromod-movie10,notes,Bourne/Hidden Figures/Life/Wolf of Wall Street,3e264ec9,medium,2026-05-31
cneuromod-games__year,cneuromod-games,year,2018,3e264ec9,medium,2026-05-31
cneuromod-games__stimulus_modality,cneuromod-games,stimulus_modality,interactive,3e264ec9,medium,2026-05-31
cneuromod-games__population,cneuromod-games,population,healthy-adult,3e264ec9,medium,2026-05-31
cneuromod-games__n_subjects,cneuromod-games,n_subjects,6,3e264ec9,medium,2026-05-31
cneuromod-games__n_unique_stimuli,cneuromod-games,n_unique_stimuli,2,3e264ec9,medium,2026-05-31
cneuromod-games__stimulus_repeats,cneuromod-games,stimulus_repeats,1,3e264ec9,medium,2026-05-31
cneuromod-games__hours_per_subject,cneuromod-games,hours_per_subject,many,3e264ec9,medium,2026-05-31
cneuromod-games__field_strength,cneuromod-games,field_strength,3T,3e264ec9,medium,2026-05-31
cneuromod-games__tr_seconds,cneuromod-games,tr_seconds,1.49,3e264ec9,medium,2026-05-31
cneuromod-games__bids_compliant,cneuromod-games,bids_compliant,y,3e264ec9,medium,2026-05-31
cneuromod-games__access,cneuromod-games,access,application,3e264ec9,medium,2026-05-31
cneuromod-games__licence,cneuromod-games,licence,CC-BY-NC,3e264ec9,medium,2026-05-31
cneuromod-games__stimulus_licence,cneuromod-games,stimulus_licence,proprietary,3e264ec9,medium,2026-05-31
cneuromod-games__url,cneuromod-games,url,https://github.com/courtois-neuromod/cneuromod,3e264ec9,medium,2026-05-31
cneuromod-games__notes,cneuromod-games,notes,Super Mario Bros + Shinobi III gameplay,3e264ec9,medium,2026-05-31
music-genre-fmri__year,music-genre-fmri,year,2021,69481372,medium,2026-05-31
music-genre-fmri__stimulus_modality,music-genre-fmri,stimulus_modality,music,69481372,medium,2026-05-31
music-genre-fmri__population,music-genre-fmri,population,healthy-adult,69481372,medium,2026-05-31
music-genre-fmri__n_subjects,music-genre-fmri,n_subjects,5,69481372,medium,2026-05-31
music-genre-fmri__n_unique_stimuli,music-genre-fmri,n_unique_stimuli,540,69481372,medium,2026-05-31
music-genre-fmri__stimulus_repeats,music-genre-fmri,stimulus_repeats,train-test-split,69481372,medium,2026-05-31
music-genre-fmri__field_strength,music-genre-fmri,field_strength,3T,69481372,medium,2026-05-31
music-genre-fmri__tr_seconds,music-genre-fmri,tr_seconds,1.5,69481372,medium,2026-05-31
music-genre-fmri__bids_compliant,music-genre-fmri,bids_compliant,y,69481372,medium,2026-05-31
music-genre-fmri__access,music-genre-fmri,access,openneuro,69481372,medium,2026-05-31
music-genre-fmri__licence,music-genre-fmri,licence,CC0,69481372,medium,2026-05-31
music-genre-fmri__stimulus_licence,music-genre-fmri,stimulus_licence,research-only,69481372,medium,2026-05-31
music-genre-fmri__url,music-genre-fmri,url,https://openneuro.org/datasets/ds003720,69481372,medium,2026-05-31
music-genre-fmri__notes,music-genre-fmri,notes,10 genres x 540 clips x 15s,69481372,medium,2026-05-31
narratives__year,narratives,year,2021,cc2e38f3,medium,2026-05-31
narratives__stimulus_modality,narratives,stimulus_modality,speech,d127308e,medium,2026-05-31
narratives__population,narratives,population,healthy-adult,d127308e,medium,2026-05-31
narratives__n_subjects,narratives,n_subjects,345,cc2e38f3,medium,2026-05-31
narratives__n_unique_stimuli,narratives,n_unique_stimuli,27,cc2e38f3,medium,2026-05-31
narratives__stimulus_repeats,narratives,stimulus_repeats,1-mostly,d127308e,medium,2026-05-31
narratives__hours_per_subject,narratives,hours_per_subject,0.5-2,cc2e38f3,medium,2026-05-31
narratives__field_strength,narratives,field_strength,3T,d127308e,medium,2026-05-31
narratives__tr_seconds,narratives,tr_seconds,1.5,d127308e,medium,2026-05-31
narratives__bids_compliant,narratives,bids_compliant,y,d127308e,medium,2026-05-31
narratives__access,narratives,access,openneuro,cc2e38f3,medium,2026-05-31
narratives__licence,narratives,licence,CC0,cc2e38f3,medium,2026-05-31
narratives__stimulus_licence,narratives,stimulus_licence,proprietary,cc2e38f3,medium,2026-05-31
narratives__url,narratives,url,https://openneuro.org/datasets/ds002345,d127308e,medium,2026-05-31
narratives__doi,narratives,doi,10.1038/s41597-021-01033-3,d127308e,medium,2026-05-31
narratives__used_in,narratives,used_in,many,d127308e,medium,2026-05-31
narratives__notes,narratives,notes,Aggregates Sherlock,d127308e,medium,2026-05-31
lebel-moth__year,lebel-moth,year,2023,6cc81a45,medium,2026-05-31
lebel-moth__stimulus_modality,lebel-moth,stimulus_modality,speech,cc35acde,medium,2026-05-31
lebel-moth__population,lebel-moth,population,healthy-adult,cc35acde,medium,2026-05-31
lebel-moth__n_subjects,lebel-moth,n_subjects,8,6cc81a45,medium,2026-05-31
lebel-moth__n_unique_stimuli,lebel-moth,n_unique_stimuli,27,6cc81a45,medium,2026-05-31
lebel-moth__stimulus_repeats,lebel-moth,stimulus_repeats,1,cc35acde,medium,2026-05-31
lebel-moth__hours_per_subject,lebel-moth,hours_per_subject,~6,6cc81a45,medium,2026-05-31
lebel-moth__field_strength,lebel-moth,field_strength,3T,cc35acde,medium,2026-05-31
lebel-moth__tr_seconds,lebel-moth,tr_seconds,2.0,cc35acde,medium,2026-05-31
lebel-moth__bids_compliant,lebel-moth,bids_compliant,y,cc35acde,medium,2026-05-31
lebel-moth__access,lebel-moth,access,openneuro,6cc81a45,medium,2026-05-31
lebel-moth__licence,lebel-moth,licence,CC-BY-4.0,6cc81a45,medium,2026-05-31
lebel-moth__stimulus_licence,lebel-moth,stimulus_licence,proprietary,6cc81a45,medium,2026-05-31
lebel-moth__url,lebel-moth,url,https://openneuro.org/datasets/ds003020,cc35acde,medium,2026-05-31
lebel-moth__doi,lebel-moth,doi,10.1038/s41597-023-02437-z,cc35acde,medium,2026-05-31
lebel-moth__used_in,lebel-moth,used_in,Tang-Huth-decoder,cc35acde,medium,2026-05-31
lebel-moth__notes,lebel-moth,notes,Used in Tang & Huth semantic decoder,cc35acde,medium,2026-05-31
petit-prince__year,petit-prince,year,2022,442403de,medium,2026-05-31
petit-prince__stimulus_modality,petit-prince,stimulus_modality,speech,56666d6d,medium,2026-05-31
petit-prince__population,petit-prince,population,healthy-adult,56666d6d,medium,2026-05-31
petit-prince__n_subjects,petit-prince,n_subjects,150,442403de,medium,2026-05-31
petit-prince__n_unique_stimuli,petit-prince,n_unique_stimuli,1,442403de,medium,2026-05-31
petit-prince__stimulus_repeats,petit-prince,stimulus_repeats,1,56666d6d,medium,2026-05-31
petit-prince__hours_per_subject,petit-prince,hours_per_subject,~1.5,442403de,medium,2026-05-31
petit-prince__field_strength,petit-prince,field_strength,3T,56666d6d,medium,2026-05-31
petit-prince__tr_seconds,petit-prince,tr_seconds,2.0,56666d6d,medium,2026-05-31
petit-prince__bids_compliant,petit-prince,bids_compliant,y,56666d6d,medium,2026-05-31
petit-prince__access,petit-prince,access,openneuro,442403de,medium,2026-05-31
petit-prince__licence,petit-prince,licence,CC-BY-4.0,442403de,medium,2026-05-31
petit-prince__stimulus_licence,petit-prince,stimulus_licence,public-domain,442403de,medium,2026-05-31
petit-prince__url,petit-prince,url,https://www.ncbi.nlm.nih.gov/pmc/articles/PMC9424229/,56666d6d,medium,2026-05-31
petit-prince__doi,petit-prince,doi,10.1038/s41597-022-01625-7,56666d6d,medium,2026-05-31
petit-prince__notes,petit-prince,notes,EN/CN/FR audiobook; ~50/language,56666d6d,medium,2026-05-31
emo-film__year,emo-film,year,2025,e1ebe445,medium,2026-05-31
emo-film__stimulus_modality,emo-film,stimulus_modality,film,7385e839,medium,2026-05-31
emo-film__population,emo-film,population,healthy-adult,7385e839,medium,2026-05-31
emo-film__n_subjects,emo-film,n_subjects,30,e1ebe445,medium,2026-05-31
emo-film__n_unique_stimuli,emo-film,n_unique_stimuli,14,e1ebe445,medium,2026-05-31
emo-film__stimulus_repeats,emo-film,stimulus_repeats,1,7385e839,medium,2026-05-31
emo-film__hours_per_subject,emo-film,hours_per_subject,~2.5,e1ebe445,medium,2026-05-31
emo-film__field_strength,emo-film,field_strength,3T,7385e839,medium,2026-05-31
emo-film__tr_seconds,emo-film,tr_seconds,1.3,7385e839,medium,2026-05-31
emo-film__bids_compliant,emo-film,bids_compliant,y,7385e839,medium,2026-05-31
emo-film__access,emo-film,access,openneuro,e1ebe445,medium,2026-05-31
emo-film__licence,emo-film,licence,CC-BY-4.0,e1ebe445,medium,2026-05-31
emo-film__stimulus_licence,emo-film,stimulus_licence,proprietary,e1ebe445,medium,2026-05-31
emo-film__url,emo-film,url,https://openneuro.org/datasets/ds004872,7385e839,medium,2026-05-31
emo-film__doi,emo-film,doi,10.1038/s41597-025-04803-5,7385e839,medium,2026-05-31
emo-film__notes,emo-film,notes,14 short emotional films + 50-item annotations + physiology,7385e839,medium,2026-05-31
neuroemo__year,neuroemo,year,2025,26aa76eb,medium,2026-05-31
neuroemo__stimulus_modality,neuroemo,stimulus_modality,film,26aa76eb,medium,2026-05-31
neuroemo__population,neuroemo,population,healthy-adult,26aa76eb,medium,2026-05-31
neuroemo__n_unique_stimuli,neuroemo,n_unique_stimuli,-,26aa76eb,low,2026-05-31
neuroemo__stimulus_repeats,neuroemo,stimulus_repeats,1,26aa76eb,medium,2026-05-31
neuroemo__field_strength,neuroemo,field_strength,3T,26aa76eb,medium,2026-05-31
neuroemo__bids_compliant,neuroemo,bids_compliant,y,26aa76eb,medium,2026-05-31
neuroemo__access,neuroemo,access,openneuro,26aa76eb,medium,2026-05-31
neuroemo__licence,neuroemo,licence,CC-BY-4.0,26aa76eb,medium,2026-05-31
neuroemo__stimulus_licence,neuroemo,stimulus_licence,proprietary,26aa76eb,medium,2026-05-31
neuroemo__url,neuroemo,url,https://openneuro.org/datasets/ds005700,26aa76eb,medium,2026-05-31
neuroemo__notes,neuroemo,notes,Indian film clips for 5 emotion states,26aa76eb,medium,2026-05-31
narps__year,narps,year,2019,1cb077d8,medium,2026-05-31
narps__stimulus_modality,narps,stimulus_modality,decision,3150e67e,medium,2026-05-31
narps__population,narps,population,healthy-adult,3150e67e,medium,2026-05-31
narps__n_subjects,narps,n_subjects,108,1cb077d8,medium,2026-05-31
narps__n_unique_stimuli,narps,n_unique_stimuli,-,1cb077d8,low,2026-05-31
narps__stimulus_repeats,narps,stimulus_repeats,4-runs,3150e67e,medium,2026-05-31
narps__hours_per_subject,narps,hours_per_subject,1,1cb077d8,medium,2026-05-31
narps__field_strength,narps,field_strength,3T,3150e67e,medium,2026-05-31
narps__tr_seconds,narps,tr_seconds,1.0,3150e67e,medium,2026-05-31
narps__bids_compliant,narps,bids_compliant,y,3150e67e,medium,2026-05-31
narps__access,narps,access,openneuro,1cb077d8,medium,2026-05-31
narps__licence,narps,licence,CC0,1cb077d8,medium,2026-05-31
narps__stimulus_licence,narps,stimulus_licence,N/A,1cb077d8,medium,2026-05-31
narps__url,narps,url,https://openneuro.org/datasets/ds001734,3150e67e,medium,2026-05-31
narps__doi,narps,doi,10.1038/s41597-019-0113-7,3150e67e,medium,2026-05-31
narps__notes,narps,notes,Mixed-gambles task replicability study,3150e67e,medium,2026-05-31
social-reward__year,social-reward,year,2024,a0f564fc,medium,2026-05-31
social-reward__stimulus_modality,social-reward,stimulus_modality,decision,a0f564fc,medium,2026-05-31
social-reward__population,social-reward,population,healthy-aging,a0f564fc,medium,2026-05-31
social-reward__n_unique_stimuli,social-reward,n_unique_stimuli,-,a0f564fc,low,2026-05-31
social-reward__field_strength,social-reward,field_strength,3T,a0f564fc,medium,2026-05-31
social-reward__bids_compliant,social-reward,bids_compliant,y,a0f564fc,medium,2026-05-31
social-reward__access,social-reward,access,openneuro,a0f564fc,medium,2026-05-31
social-reward__licence,social-reward,licence,CC-BY-4.0,a0f564fc,medium,2026-05-31
social-reward__stimulus_licence,social-reward,stimulus_licence,N/A,a0f564fc,medium,2026-05-31
social-reward__url,social-reward,url,https://www.ncbi.nlm.nih.gov/pmc/articles/PMC10834522/,a0f564fc,medium,2026-05-31
social-reward__notes,social-reward,notes,Social reward processing across age,a0f564fc,medium,2026-05-31
inner-speech-eegfmri__year,inner-speech-eegfmri,year,2023,2b079c1c,medium,2026-05-31
inner-speech-eegfmri__stimulus_modality,inner-speech-eegfmri,stimulus_modality,speech,79d7936d,medium,2026-05-31
inner-speech-eegfmri__population,inner-speech-eegfmri,population,healthy-adult,79d7936d,medium,2026-05-31
inner-speech-eegfmri__n_subjects,inner-speech-eegfmri,n_subjects,3,2b079c1c,medium,2026-05-31
inner-speech-eegfmri__n_unique_stimuli,inner-speech-eegfmri,n_unique_stimuli,-,2b079c1c,low,2026-05-31
inner-speech-eegfmri__stimulus_repeats,inner-speech-eegfmri,stimulus_repeats,2-sessions,79d7936d,medium,2026-05-31
inner-speech-eegfmri__field_strength,inner-speech-eegfmri,field_strength,3T,79d7936d,medium,2026-05-31
inner-speech-eegfmri__bids_compliant,inner-speech-eegfmri,bids_compliant,y,79d7936d,medium,2026-05-31
inner-speech-eegfmri__access,inner-speech-eegfmri,access,openneuro,2b079c1c,medium,2026-05-31
inner-speech-eegfmri__licence,inner-speech-eegfmri,licence,CC-BY-4.0,2b079c1c,medium,2026-05-31
inner-speech-eegfmri__stimulus_licence,inner-speech-eegfmri,stimulus_licence,N/A,2b079c1c,medium,2026-05-31
inner-speech-eegfmri__url,inner-speech-eegfmri,url,https://www.nature.com/articles/s41597-023-02286-w,79d7936d,medium,2026-05-31
inner-speech-eegfmri__doi,inner-speech-eegfmri,doi,10.1038/s41597-023-02286-w,79d7936d,medium,2026-05-31
inner-speech-eegfmri__notes,inner-speech-eegfmri,notes,Inner repetition social/numerical words,79d7936d,medium,2026-05-31
motor-imagery-nf__year,motor-imagery-nf,year,2019,e7d9f229,medium,2026-05-31
motor-imagery-nf__stimulus_modality,motor-imagery-nf,stimulus_modality,motor,e7d9f229,medium,2026-05-31
motor-imagery-nf__population,motor-imagery-nf,population,healthy-adult,e7d9f229,medium,2026-05-31
motor-imagery-nf__n_subjects,motor-imagery-nf,n_subjects,30,e7d9f229,medium,2026-05-31
motor-imagery-nf__n_unique_stimuli,motor-imagery-nf,n_unique_stimuli,-,e7d9f229,low,2026-05-31
motor-imagery-nf__stimulus_repeats,motor-imagery-nf,stimulus_repeats,5-sessions,e7d9f229,medium,2026-05-31
motor-imagery-nf__field_strength,motor-imagery-nf,field_strength,3T,e7d9f229,medium,2026-05-31
motor-imagery-nf__bids_compliant,motor-imagery-nf,bids_compliant,y,e7d9f229,medium,2026-05-31
motor-imagery-nf__access,motor-imagery-nf,access,open,e7d9f229,medium,2026-05-31
motor-imagery-nf__licence,motor-imagery-nf,licence,CC-BY-4.0,e7d9f229,medium,2026-05-31
motor-imagery-nf__stimulus_licence,motor-imagery-nf,stimulus_licence,N/A,e7d9f229,medium,2026-05-31
motor-imagery-nf__url,motor-imagery-nf,url,https://web.archive.org/web/20200214144644/https://www.biorxiv.org/content/10.1101/862375v1,e7d9f229,medium,2026-05-31
motor-imagery-nf__notes,motor-imagery-nf,notes,Neurofeedback training 5 sessions; primary URL dead - Wayback snapshot,e7d9f229,medium,2026-05-31
hcp-task__year,hcp-task,year,2013,256dfaec,medium,2026-05-31
hcp-task__stimulus_modality,hcp-task,stimulus_modality,mixed,d5299ef4,medium,2026-05-31
hcp-task__population,hcp-task,population,healthy-adult,d5299ef4,medium,2026-05-31
hcp-task__n_subjects,hcp-task,n_subjects,1200,256dfaec,medium,2026-05-31
hcp-task__n_unique_stimuli,hcp-task,n_unique_stimuli,-,256dfaec,low,2026-05-31
hcp-task__stimulus_repeats,hcp-task,stimulus_repeats,2-runs,d5299ef4,medium,2026-05-31
hcp-task__hours_per_subject,hcp-task,hours_per_subject,~1,256dfaec,medium,2026-05-31
hcp-task__field_strength,hcp-task,field_strength,3T,d5299ef4,medium,2026-05-31
hcp-task__tr_seconds,hcp-task,tr_seconds,0.72,d5299ef4,medium,2026-05-31
hcp-task__bids_compliant,hcp-task,bids_compliant,y,d5299ef4,medium,2026-05-31
hcp-task__access,hcp-task,access,application,256dfaec,medium,2026-05-31
hcp-task__licence,hcp-task,licence,HCP-DUA,256dfaec,medium,2026-05-31
hcp-task__stimulus_licence,hcp-task,stimulus_licence,N/A,256dfaec,medium,2026-05-31
hcp-task__url,hcp-task,url,https://www.humanconnectome.org/study/hcp-young-adult,d5299ef4,medium,2026-05-31
hcp-task__doi,hcp-task,doi,10.1016/j.neuroimage.2013.05.041,d5299ef4,medium,2026-05-31
hcp-task__used_in,hcp-task,used_in,many,d5299ef4,medium,2026-05-31
hcp-task__notes,hcp-task,notes,7 tasks: WM/gambling/motor/language/social/relational/emotion,d5299ef4,medium,2026-05-31
hcp-7t-movie__year,hcp-7t-movie,year,2018,d5299ef4,medium,2026-05-31
hcp-7t-movie__stimulus_modality,hcp-7t-movie,stimulus_modality,film,d5299ef4,medium,2026-05-31
hcp-7t-movie__population,hcp-7t-movie,population,healthy-adult,d5299ef4,medium,2026-05-31
hcp-7t-movie__n_subjects,hcp-7t-movie,n_subjects,184,d5299ef4,medium,2026-05-31
hcp-7t-movie__n_unique_stimuli,hcp-7t-movie,n_unique_stimuli,4,d5299ef4,medium,2026-05-31
hcp-7t-movie__stimulus_repeats,hcp-7t-movie,stimulus_repeats,2-sessions,d5299ef4,medium,2026-05-31
hcp-7t-movie__hours_per_subject,hcp-7t-movie,hours_per_subject,~1,d5299ef4,medium,2026-05-31
hcp-7t-movie__field_strength,hcp-7t-movie,field_strength,7T,d5299ef4,medium,2026-05-31
hcp-7t-movie__tr_seconds,hcp-7t-movie,tr_seconds,1.0,d5299ef4,medium,2026-05-31
hcp-7t-movie__bids_compliant,hcp-7t-movie,bids_compliant,y,d5299ef4,medium,2026-05-31
hcp-7t-movie__access,hcp-7t-movie,access,application,d5299ef4,medium,2026-05-31
hcp-7t-movie__licence,hcp-7t-movie,licence,HCP-DUA,d5299ef4,medium,2026-05-31
hcp-7t-movie__stimulus_licence,hcp-7t-movie,stimulus_licence,proprietary,d5299ef4,medium,2026-05-31
hcp-7t-movie__url,hcp-7t-movie,url,https://www.humanconnectome.org/study/hcp-young-adult,d5299ef4,medium,2026-05-31
hcp-7t-movie__notes,hcp-7t-movie,notes,4 movie clips x 2 sessions; major undocumented retest resource,d5299ef4,medium,2026-05-31
hcp-ep__year,hcp-ep,year,2020,1bdc535f,medium,2026-05-31
hcp-ep__stimulus_modality,hcp-ep,stimulus_modality,mixed,1bdc535f,medium,2026-05-31
hcp-ep__population,hcp-ep,population,scz,1bdc535f,medium,2026-05-31
hcp-ep__n_subjects,hcp-ep,n_subjects,251,1bdc535f,medium,2026-05-31
hcp-ep__n_unique_stimuli,hcp-ep,n_unique_stimuli,-,1bdc535f,low,2026-05-31
hcp-ep__stimulus_repeats,hcp-ep,stimulus_repeats,1-pass,1bdc535f,medium,2026-05-31
hcp-ep__hours_per_subject,hcp-ep,hours_per_subject,~1,1bdc535f,medium,2026-05-31
hcp-ep__field_strength,hcp-ep,field_strength,3T,1bdc535f,medium,2026-05-31
hcp-ep__tr_seconds,hcp-ep,tr_seconds,0.8,1bdc535f,medium,2026-05-31
hcp-ep__bids_compliant,hcp-ep,bids_compliant,y,1bdc535f,medium,2026-05-31
hcp-ep__access,hcp-ep,access,application,1bdc535f,medium,2026-05-31
hcp-ep__licence,hcp-ep,licence,NDA,1bdc535f,medium,2026-05-31
hcp-ep__stimulus_licence,hcp-ep,stimulus_licence,N/A,1bdc535f,medium,2026-05-31
hcp-ep__url,hcp-ep,url,https://www.humanconnectome.org/study/human-connectome-project-for-early-psychosis,1bdc535f,medium,2026-05-31
hcp-ep__notes,hcp-ep,notes,Full HCP task battery in early psychosis,1bdc535f,medium,2026-05-31
ucla-cnp__year,ucla-cnp,year,2016,8c5f9d19,medium,2026-05-31
ucla-cnp__stimulus_modality,ucla-cnp,stimulus_modality,mixed,c6618692,medium,2026-05-31
ucla-cnp__population,ucla-cnp,population,mixed-clinical,c6618692,medium,2026-05-31
ucla-cnp__n_subjects,ucla-cnp,n_subjects,272,8c5f9d19,medium,2026-05-31
ucla-cnp__n_unique_stimuli,ucla-cnp,n_unique_stimuli,-,8c5f9d19,low,2026-05-31
ucla-cnp__stimulus_repeats,ucla-cnp,stimulus_repeats,1-pass,c6618692,medium,2026-05-31
ucla-cnp__hours_per_subject,ucla-cnp,hours_per_subject,~1,8c5f9d19,medium,2026-05-31
ucla-cnp__field_strength,ucla-cnp,field_strength,3T,c6618692,medium,2026-05-31
ucla-cnp__tr_seconds,ucla-cnp,tr_seconds,2.0,c6618692,medium,2026-05-31
ucla-cnp__bids_compliant,ucla-cnp,bids_compliant,y,c6618692,medium,2026-05-31
ucla-cnp__access,ucla-cnp,access,openneuro,8c5f9d19,medium,2026-05-31
ucla-cnp__licence,ucla-cnp,licence,PDDL,8c5f9d19,medium,2026-05-31
ucla-cnp__stimulus_licence,ucla-cnp,stimulus_licence,N/A,8c5f9d19,medium,2026-05-31
ucla-cnp__url,ucla-cnp,url,https://openfmri.org/dataset/ds000030/,c6618692,medium,2026-05-31
ucla-cnp__doi,ucla-cnp,doi,10.1038/sdata.2016.110,c6618692,medium,2026-05-31
ucla-cnp__used_in,ucla-cnp,used_in,many,c6618692,medium,2026-05-31
ucla-cnp__notes,ucla-cnp,notes,272 subjects: HC + SCZ + BD + ADHD; 8 task batteries,c6618692,medium,2026-05-31
aomic-piop1__year,aomic-piop1,year,2021,7737a1ef,medium,2026-05-31
aomic-piop1__stimulus_modality,aomic-piop1,stimulus_modality,mixed,6a96902d,medium,2026-05-31
aomic-piop1__population,aomic-piop1,population,healthy-adult,6a96902d,medium,2026-05-31
aomic-piop1__n_subjects,aomic-piop1,n_subjects,216,7737a1ef,medium,2026-05-31
aomic-piop1__n_unique_stimuli,aomic-piop1,n_unique_stimuli,-,7737a1ef,low,2026-05-31
aomic-piop1__stimulus_repeats,aomic-piop1,stimulus_repeats,1-pass,6a96902d,medium,2026-05-31
aomic-piop1__hours_per_subject,aomic-piop1,hours_per_subject,~1,7737a1ef,medium,2026-05-31
aomic-piop1__field_strength,aomic-piop1,field_strength,3T,6a96902d,medium,2026-05-31
aomic-piop1__tr_seconds,aomic-piop1,tr_seconds,2.0,6a96902d,medium,2026-05-31
aomic-piop1__bids_compliant,aomic-piop1,bids_compliant,y,6a96902d,medium,2026-05-31
aomic-piop1__access,aomic-piop1,access,openneuro,7737a1ef,medium,2026-05-31
aomic-piop1__licence,aomic-piop1,licence,CC0,7737a1ef,medium,2026-05-31
aomic-piop1__stimulus_licence,aomic-piop1,stimulus_licence,N/A,7737a1ef,medium,2026-05-31
aomic-piop1__url,aomic-piop1,url,https://openneuro.org/datasets/ds002785,6a96902d,medium,2026-05-31
aomic-piop1__doi,aomic-piop1,doi,10.1038/s41597-021-00870-6,6a96902d,medium,2026-05-31
aomic-piop1__notes,aomic-piop1,notes,Emotion matching + faces + stop-signal,6a96902d,medium,2026-05-31
aomic-piop2__year,aomic-piop2,year,2021,7737a1ef,medium,2026-05-31
aomic-piop2__stimulus_modality,aomic-piop2,stimulus_modality,mixed,3615727b,medium,2026-05-31
aomic-piop2__population,aomic-piop2,population,healthy-adult,3615727b,medium,2026-05-31
aomic-piop2__n_subjects,aomic-piop2,n_subjects,226,7737a1ef,medium,2026-05-31
aomic-piop2__n_unique_stimuli,aomic-piop2,n_unique_stimuli,-,7737a1ef,low,2026-05-31
aomic-piop2__stimulus_repeats,aomic-piop2,stimulus_repeats,1-pass,3615727b,medium,2026-05-31
aomic-piop2__hours_per_subject,aomic-piop2,hours_per_subject,~1,7737a1ef,medium,2026-05-31
aomic-piop2__field_strength,aomic-piop2,field_strength,3T,3615727b,medium,2026-05-31
aomic-piop2__tr_seconds,aomic-piop2,tr_seconds,2.0,3615727b,medium,2026-05-31
aomic-piop2__bids_compliant,aomic-piop2,bids_compliant,y,3615727b,medium,2026-05-31
aomic-piop2__access,aomic-piop2,access,openneuro,7737a1ef,medium,2026-05-31
aomic-piop2__licence,aomic-piop2,licence,CC0,7737a1ef,medium,2026-05-31
aomic-piop2__stimulus_licence,aomic-piop2,stimulus_licence,N/A,7737a1ef,medium,2026-05-31
aomic-piop2__url,aomic-piop2,url,https://openneuro.org/datasets/ds002790,3615727b,medium,2026-05-31
aomic-piop2__doi,aomic-piop2,doi,10.1038/s41597-021-00870-6,3615727b,medium,2026-05-31
aomic-piop2__notes,aomic-piop2,notes,Emotion matching + WM + stop-signal,3615727b,medium,2026-05-31
aomic-id1000__year,aomic-id1000,year,2021,7737a1ef,medium,2026-05-31
aomic-id1000__stimulus_modality,aomic-id1000,stimulus_modality,film,9274eb10,medium,2026-05-31
aomic-id1000__population,aomic-id1000,population,healthy-adult,9274eb10,medium,2026-05-31
aomic-id1000__n_subjects,aomic-id1000,n_subjects,928,7737a1ef,medium,2026-05-31
aomic-id1000__n_unique_stimuli,aomic-id1000,n_unique_stimuli,1,7737a1ef,medium,2026-05-31
aomic-id1000__stimulus_repeats,aomic-id1000,stimulus_repeats,1,9274eb10,medium,2026-05-31
aomic-id1000__hours_per_subject,aomic-id1000,hours_per_subject,~0.5,7737a1ef,medium,2026-05-31
aomic-id1000__field_strength,aomic-id1000,field_strength,3T,9274eb10,medium,2026-05-31
aomic-id1000__tr_seconds,aomic-id1000,tr_seconds,2.2,9274eb10,medium,2026-05-31
aomic-id1000__bids_compliant,aomic-id1000,bids_compliant,y,9274eb10,medium,2026-05-31
aomic-id1000__access,aomic-id1000,access,openneuro,7737a1ef,medium,2026-05-31
aomic-id1000__licence,aomic-id1000,licence,CC0,7737a1ef,medium,2026-05-31
aomic-id1000__stimulus_licence,aomic-id1000,stimulus_licence,proprietary,7737a1ef,medium,2026-05-31
aomic-id1000__url,aomic-id1000,url,https://openneuro.org/datasets/ds003097,9274eb10,medium,2026-05-31
aomic-id1000__doi,aomic-id1000,doi,10.1038/s41597-021-00870-6,9274eb10,medium,2026-05-31
aomic-id1000__notes,aomic-id1000,notes,Population imaging movie-watching,9274eb10,medium,2026-05-31
abide-1__year,abide-1,year,2014,8694ef6d,medium,2026-05-31
abide-1__stimulus_modality,abide-1,stimulus_modality,mixed,8694ef6d,medium,2026-05-31
abide-1__population,abide-1,population,asd,8694ef6d,medium,2026-05-31
abide-1__n_subjects,abide-1,n_subjects,1112,8694ef6d,medium,2026-05-31
abide-1__n_unique_stimuli,abide-1,n_unique_stimuli,-,8694ef6d,low,2026-05-31
abide-1__stimulus_repeats,abide-1,stimulus_repeats,1-pass,8694ef6d,medium,2026-05-31
abide-1__hours_per_subject,abide-1,hours_per_subject,~0.2,8694ef6d,medium,2026-05-31
abide-1__field_strength,abide-1,field_strength,3T,8694ef6d,medium,2026-05-31
abide-1__tr_seconds,abide-1,tr_seconds,varies,8694ef6d,medium,2026-05-31
abide-1__bids_compliant,abide-1,bids_compliant,partial,8694ef6d,medium,2026-05-31
abide-1__access,abide-1,access,open,8694ef6d,medium,2026-05-31
abide-1__licence,abide-1,licence,CC-BY-NC-SA,8694ef6d,medium,2026-05-31
abide-1__stimulus_licence,abide-1,stimulus_licence,N/A,8694ef6d,medium,2026-05-31
abide-1__url,abide-1,url,http://fcon_1000.projects.nitrc.org/indi/abide/,8694ef6d,medium,2026-05-31
abide-1__used_in,abide-1,used_in,many,8694ef6d,medium,2026-05-31
abide-1__notes,abide-1,notes,Mostly rsfMRI; some sites have movie/faces,8694ef6d,medium,2026-05-31
abide-2__year,abide-2,year,2017,0277ff65,medium,2026-05-31
abide-2__stimulus_modality,abide-2,stimulus_modality,mixed,0277ff65,medium,2026-05-31
abide-2__population,abide-2,population,asd,0277ff65,medium,2026-05-31
abide-2__n_subjects,abide-2,n_subjects,1044,0277ff65,medium,2026-05-31
abide-2__n_unique_stimuli,abide-2,n_unique_stimuli,-,0277ff65,low,2026-05-31
abide-2__stimulus_repeats,abide-2,stimulus_repeats,1-pass,0277ff65,medium,2026-05-31
abide-2__hours_per_subject,abide-2,hours_per_subject,~0.2,0277ff65,medium,2026-05-31
abide-2__field_strength,abide-2,field_strength,3T,0277ff65,medium,2026-05-31
abide-2__tr_seconds,abide-2,tr_seconds,varies,0277ff65,medium,2026-05-31
abide-2__bids_compliant,abide-2,bids_compliant,partial,0277ff65,medium,2026-05-31
abide-2__access,abide-2,access,open,0277ff65,medium,2026-05-31
abide-2__licence,abide-2,licence,CC-BY-NC-SA,0277ff65,medium,2026-05-31
abide-2__stimulus_licence,abide-2,stimulus_licence,N/A,0277ff65,medium,2026-05-31
abide-2__url,abide-2,url,http://fcon_1000.projects.nitrc.org/indi/abide/abide_II.html,0277ff65,medium,2026-05-31
abide-2__used_in,abide-2,used_in,many,0277ff65,medium,2026-05-31
abide-2__notes,abide-2,notes,Some longitudinal; some sites have task,0277ff65,medium,2026-05-31
adhd-200__year,adhd-200,year,2012,f6d10cdc,medium,2026-05-31
adhd-200__stimulus_modality,adhd-200,stimulus_modality,mixed,f6d10cdc,medium,2026-05-31
adhd-200__population,adhd-200,population,adhd,f6d10cdc,medium,2026-05-31
adhd-200__n_subjects,adhd-200,n_subjects,776,f6d10cdc,medium,2026-05-31
adhd-200__n_unique_stimuli,adhd-200,n_unique_stimuli,-,f6d10cdc,low,2026-05-31
adhd-200__stimulus_repeats,adhd-200,stimulus_repeats,1-pass,f6d10cdc,medium,2026-05-31
adhd-200__hours_per_subject,adhd-200,hours_per_subject,~0.1,f6d10cdc,medium,2026-05-31
adhd-200__field_strength,adhd-200,field_strength,3T,f6d10cdc,medium,2026-05-31
adhd-200__tr_seconds,adhd-200,tr_seconds,varies,f6d10cdc,medium,2026-05-31
adhd-200__bids_compliant,adhd-200,bids_compliant,partial,f6d10cdc,medium,2026-05-31
adhd-200__access,adhd-200,access,open,f6d10cdc,medium,2026-05-31
adhd-200__licence,adhd-200,licence,CC-BY-NC-SA,f6d10cdc,medium,2026-05-31
adhd-200__stimulus_licence,adhd-200,stimulus_licence,N/A,f6d10cdc,medium,2026-05-31
adhd-200__url,adhd-200,url,http://fcon_1000.projects.nitrc.org/indi/adhd200/,f6d10cdc,medium,2026-05-31
adhd-200__used_in,adhd-200,used_in,many,f6d10cdc,medium,2026-05-31
adhd-200__notes,adhd-200,notes,Mostly rsfMRI,f6d10cdc,medium,2026-05-31
hbn__year,hbn,year,2017,0f115ecc,medium,2026-05-31
hbn__stimulus_modality,hbn,stimulus_modality,mixed,e470e676,medium,2026-05-31
hbn__population,hbn,population,pediatric,e470e676,medium,2026-05-31
hbn__n_subjects,hbn,n_subjects,5000,0f115ecc,medium,2026-05-31
hbn__n_unique_stimuli,hbn,n_unique_stimuli,-,0f115ecc,low,2026-05-31
hbn__stimulus_repeats,hbn,stimulus_repeats,1-pass,e470e676,medium,2026-05-31
hbn__hours_per_subject,hbn,hours_per_subject,~1,0f115ecc,medium,2026-05-31
hbn__field_strength,hbn,field_strength,3T,e470e676,medium,2026-05-31
hbn__tr_seconds,hbn,tr_seconds,0.8,e470e676,medium,2026-05-31
hbn__bids_compliant,hbn,bids_compliant,y,e470e676,medium,2026-05-31
hbn__access,hbn,access,application,0f115ecc,medium,2026-05-31
hbn__licence,hbn,licence,custom-DUA,0f115ecc,medium,2026-05-31
hbn__stimulus_licence,hbn,stimulus_licence,proprietary,0f115ecc,medium,2026-05-31
hbn__url,hbn,url,http://fcon_1000.projects.nitrc.org/indi/cmi_healthy_brain_network/,e470e676,medium,2026-05-31
hbn__doi,hbn,doi,10.1038/sdata.2017.181,e470e676,medium,2026-05-31
hbn__notes,hbn,notes,Movies (Despicable Me; The Present) + inscapes + sequence learning,e470e676,medium,2026-05-31
pixar__year,pixar,year,2018,e7c38208,medium,2026-05-31
pixar__stimulus_modality,pixar,stimulus_modality,film,e7c38208,medium,2026-05-31
pixar__population,pixar,population,pediatric,e7c38208,medium,2026-05-31
pixar__n_subjects,pixar,n_subjects,155,e7c38208,medium,2026-05-31
pixar__n_unique_stimuli,pixar,n_unique_stimuli,1,e7c38208,medium,2026-05-31
pixar__stimulus_repeats,pixar,stimulus_repeats,1,e7c38208,medium,2026-05-31
pixar__hours_per_subject,pixar,hours_per_subject,0.1,e7c38208,medium,2026-05-31
pixar__field_strength,pixar,field_strength,3T,e7c38208,medium,2026-05-31
pixar__tr_seconds,pixar,tr_seconds,2.0,e7c38208,medium,2026-05-31
pixar__bids_compliant,pixar,bids_compliant,y,e7c38208,medium,2026-05-31
pixar__access,pixar,access,openneuro,e7c38208,medium,2026-05-31
pixar__licence,pixar,licence,CC0,e7c38208,medium,2026-05-31
pixar__stimulus_licence,pixar,stimulus_licence,proprietary,e7c38208,medium,2026-05-31
pixar__url,pixar,url,https://openneuro.org/datasets/ds000228,e7c38208,medium,2026-05-31
pixar__used_in,pixar,used_in,Richardson2018-Nat-Commun,e7c38208,medium,2026-05-31
pixar__notes,pixar,notes,5-min animated short; theory of mind,e7c38208,medium,2026-05-31
abcd__year,abcd,year,2018,72032285,medium,2026-05-31
abcd__stimulus_modality,abcd,stimulus_modality,mixed,06834a21,medium,2026-05-31
abcd__population,abcd,population,pediatric,06834a21,medium,2026-05-31
abcd__n_subjects,abcd,n_subjects,11800,72032285,medium,2026-05-31
abcd__n_unique_stimuli,abcd,n_unique_stimuli,-,72032285,low,2026-05-31
abcd__stimulus_repeats,abcd,stimulus_repeats,2-yearly,06834a21,medium,2026-05-31
abcd__hours_per_subject,abcd,hours_per_subject,~1,72032285,medium,2026-05-31
abcd__field_strength,abcd,field_strength,3T,06834a21,medium,2026-05-31
abcd__tr_seconds,abcd,tr_seconds,0.8,06834a21,medium,2026-05-31
abcd__bids_compliant,abcd,bids_compliant,y,06834a21,medium,2026-05-31
abcd__access,abcd,access,application,72032285,medium,2026-05-31
abcd__licence,abcd,licence,NDA,72032285,medium,2026-05-31
abcd__stimulus_licence,abcd,stimulus_licence,N/A,72032285,medium,2026-05-31
abcd__url,abcd,url,https://nda.nih.gov/abcd,06834a21,medium,2026-05-31
abcd__doi,abcd,doi,10.1016/j.dcn.2018.04.004,06834a21,medium,2026-05-31
abcd__notes,abcd,notes,MID + stop-signal + n-back; longitudinal 10yr,06834a21,medium,2026-05-31
cobre-task__year,cobre-task,year,2014,ce13ea14,medium,2026-05-31
cobre-task__stimulus_modality,cobre-task,stimulus_modality,mixed,ce13ea14,medium,2026-05-31
cobre-task__population,cobre-task,population,scz,ce13ea14,medium,2026-05-31
cobre-task__n_subjects,cobre-task,n_subjects,150,ce13ea14,medium,2026-05-31
cobre-task__n_unique_stimuli,cobre-task,n_unique_stimuli,-,ce13ea14,low,2026-05-31
cobre-task__stimulus_repeats,cobre-task,stimulus_repeats,1-pass,ce13ea14,medium,2026-05-31
cobre-task__field_strength,cobre-task,field_strength,3T,ce13ea14,medium,2026-05-31
cobre-task__tr_seconds,cobre-task,tr_seconds,2.0,ce13ea14,medium,2026-05-31
cobre-task__bids_compliant,cobre-task,bids_compliant,y,ce13ea14,medium,2026-05-31
cobre-task__access,cobre-task,access,application,ce13ea14,medium,2026-05-31
cobre-task__licence,cobre-task,licence,custom,ce13ea14,medium,2026-05-31
cobre-task__stimulus_licence,cobre-task,stimulus_licence,N/A,ce13ea14,medium,2026-05-31
cobre-task__url,cobre-task,url,https://coins.trendscenter.org/,ce13ea14,medium,2026-05-31
cobre-task__notes,cobre-task,notes,Auditory oddball + Sternberg WM,ce13ea14,medium,2026-05-31
fbirn__year,fbirn,year,2013,63c93aa6,medium,2026-05-31
fbirn__stimulus_modality,fbirn,stimulus_modality,mixed,63c93aa6,medium,2026-05-31
fbirn__population,fbirn,population,scz,63c93aa6,medium,2026-05-31
fbirn__n_subjects,fbirn,n_subjects,200,63c93aa6,medium,2026-05-31
fbirn__n_unique_stimuli,fbirn,n_unique_stimuli,-,63c93aa6,low,2026-05-31
fbirn__stimulus_repeats,fbirn,stimulus_repeats,multi-site,63c93aa6,medium,2026-05-31
fbirn__field_strength,fbirn,field_strength,3T,63c93aa6,medium,2026-05-31
fbirn__tr_seconds,fbirn,tr_seconds,2.0,63c93aa6,medium,2026-05-31
fbirn__bids_compliant,fbirn,bids_compliant,y,63c93aa6,medium,2026-05-31
fbirn__access,fbirn,access,application,63c93aa6,medium,2026-05-31
fbirn__licence,fbirn,licence,custom,63c93aa6,medium,2026-05-31
fbirn__stimulus_licence,fbirn,stimulus_licence,N/A,63c93aa6,medium,2026-05-31
fbirn__url,fbirn,url,https://www.nitrc.org/projects/fbirn/,63c93aa6,medium,2026-05-31
fbirn__notes,fbirn,notes,Sensorimotor + BHT + WM; classic harmonization,63c93aa6,medium,2026-05-31
b-snip__year,b-snip,year,2014,7536aba3,medium,2026-05-31
b-snip__stimulus_modality,b-snip,stimulus_modality,mixed,7536aba3,medium,2026-05-31
b-snip__population,b-snip,population,scz,7536aba3,medium,2026-05-31
b-snip__n_subjects,b-snip,n_subjects,2400,7536aba3,medium,2026-05-31
b-snip__n_unique_stimuli,b-snip,n_unique_stimuli,-,7536aba3,low,2026-05-31
b-snip__stimulus_repeats,b-snip,stimulus_repeats,1-pass,7536aba3,medium,2026-05-31
b-snip__field_strength,b-snip,field_strength,3T,7536aba3,medium,2026-05-31
b-snip__tr_seconds,b-snip,tr_seconds,2.0,7536aba3,medium,2026-05-31
b-snip__bids_compliant,b-snip,bids_compliant,y,7536aba3,medium,2026-05-31
b-snip__access,b-snip,access,application,7536aba3,medium,2026-05-31
b-snip__licence,b-snip,licence,NDA,7536aba3,medium,2026-05-31
b-snip__stimulus_licence,b-snip,stimulus_licence,N/A,7536aba3,medium,2026-05-31
b-snip__url,b-snip,url,https://osf.io/mn2dg/,7536aba3,medium,2026-05-31
b-snip__notes,b-snip,notes,Multi-site psychosis,7536aba3,medium,2026-05-31
embarc__year,embarc,year,2016,01eaeef8,medium,2026-05-31
embarc__stimulus_modality,embarc,stimulus_modality,mixed,01eaeef8,medium,2026-05-31
embarc__population,embarc,population,mdd,01eaeef8,medium,2026-05-31
embarc__n_subjects,embarc,n_subjects,309,01eaeef8,medium,2026-05-31
embarc__n_unique_stimuli,embarc,n_unique_stimuli,-,01eaeef8,low,2026-05-31
embarc__stimulus_repeats,embarc,stimulus_repeats,1-pass,01eaeef8,medium,2026-05-31
embarc__field_strength,embarc,field_strength,3T,01eaeef8,medium,2026-05-31
embarc__tr_seconds,embarc,tr_seconds,2.0,01eaeef8,medium,2026-05-31
embarc__bids_compliant,embarc,bids_compliant,y,01eaeef8,medium,2026-05-31
embarc__access,embarc,access,application,01eaeef8,medium,2026-05-31
embarc__licence,embarc,licence,NDA,01eaeef8,medium,2026-05-31
embarc__stimulus_licence,embarc,stimulus_licence,N/A,01eaeef8,medium,2026-05-31
embarc__url,embarc,url,https://nda.nih.gov/edit_collection.html?id=2199,01eaeef8,medium,2026-05-31
embarc__notes,embarc,notes,Reward + emotional faces + Stroop in MDD,01eaeef8,medium,2026-05-31
ploras__year,ploras,year,2009,87982745,medium,2026-05-31
ploras__stimulus_modality,ploras,stimulus_modality,speech,87982745,medium,2026-05-31
ploras__population,ploras,population,stroke,87982745,medium,2026-05-31
ploras__n_subjects,ploras,n_subjects,1000,87982745,medium,2026-05-31
ploras__n_unique_stimuli,ploras,n_unique_stimuli,-,87982745,low,2026-05-31
ploras__stimulus_repeats,ploras,stimulus_repeats,1-pass,87982745,medium,2026-05-31
ploras__field_strength,ploras,field_strength,3T,87982745,medium,2026-05-31
ploras__bids_compliant,ploras,bids_compliant,partial,87982745,medium,2026-05-31
ploras__access,ploras,access,application,87982745,medium,2026-05-31
ploras__licence,ploras,licence,custom,87982745,medium,2026-05-31
ploras__stimulus_licence,ploras,stimulus_licence,N/A,87982745,medium,2026-05-31
ploras__url,ploras,url,https://web.archive.org/web/20220624050049/https://www.fil.ion.ucl.ac.uk/Ploras/,87982745,medium,2026-05-31
ploras__used_in,ploras,used_in,Predicting Language Outcomes after Aphasic Stroke; primary URL dead - Wayback snapshot,87982745,medium,2026-05-31
atlas-r2__year,atlas-r2,year,2018,18610822,medium,2026-05-31
atlas-r2__stimulus_modality,atlas-r2,stimulus_modality,mixed,d6aa093e,medium,2026-05-31
atlas-r2__population,atlas-r2,population,stroke,d6aa093e,medium,2026-05-31
atlas-r2__n_subjects,atlas-r2,n_subjects,955,18610822,medium,2026-05-31
atlas-r2__n_unique_stimuli,atlas-r2,n_unique_stimuli,-,18610822,low,2026-05-31
atlas-r2__stimulus_repeats,atlas-r2,stimulus_repeats,1-pass,d6aa093e,medium,2026-05-31
atlas-r2__field_strength,atlas-r2,field_strength,3T,d6aa093e,medium,2026-05-31
atlas-r2__bids_compliant,atlas-r2,bids_compliant,y,d6aa093e,medium,2026-05-31
atlas-r2__access,atlas-r2,access,open,18610822,medium,2026-05-31
atlas-r2__licence,atlas-r2,licence,custom,18610822,medium,2026-05-31
atlas-r2__stimulus_licence,atlas-r2,stimulus_licence,N/A,18610822,medium,2026-05-31
atlas-r2__url,atlas-r2,url,http://fcon_1000.projects.nitrc.org/indi/retro/atlas.html,d6aa093e,medium,2026-05-31
atlas-r2__doi,atlas-r2,doi,10.1038/s41597-022-01401-7,d6aa093e,medium,2026-05-31
atlas-r2__notes,atlas-r2,notes,Mostly T1+lesion; small task subset,d6aa093e,medium,2026-05-31
cospine__year,cospine,year,2025,ce813381,medium,2026-05-31
cospine__stimulus_modality,cospine,stimulus_modality,pain,c08ef3c2,medium,2026-05-31
cospine__population,cospine,population,healthy-adult,c08ef3c2,medium,2026-05-31
cospine__n_subjects,cospine,n_subjects,61,ce813381,medium,2026-05-31
cospine__n_unique_stimuli,cospine,n_unique_stimuli,-,ce813381,low,2026-05-31
cospine__stimulus_repeats,cospine,stimulus_repeats,1-pass,c08ef3c2,medium,2026-05-31
cospine__field_strength,cospine,field_strength,3T,c08ef3c2,medium,2026-05-31
cospine__bids_compliant,cospine,bids_compliant,y,c08ef3c2,medium,2026-05-31
cospine__access,cospine,access,openneuro,ce813381,medium,2026-05-31
cospine__licence,cospine,licence,CC-BY-4.0,ce813381,medium,2026-05-31
cospine__stimulus_licence,cospine,stimulus_licence,N/A,ce813381,medium,2026-05-31
cospine__url,cospine,url,https://www.nature.com/articles/s41597-025-05982-x,c08ef3c2,medium,2026-05-31
cospine__doi,cospine,doi,10.1038/s41597-025-05982-x,c08ef3c2,medium,2026-05-31
cospine__notes,cospine,notes,Thermal pain + motor; cortico-spinal coverage,c08ef3c2,medium,2026-05-31
wager-pain__year,wager-pain,year,2010,c35198d3,medium,2026-05-31
wager-pain__stimulus_modality,wager-pain,stimulus_modality,pain,c35198d3,medium,2026-05-31
wager-pain__population,wager-pain,population,healthy-adult,c35198d3,medium,2026-05-31
wager-pain__n_subjects,wager-pain,n_subjects,33,c35198d3,medium,2026-05-31
wager-pain__n_unique_stimuli,wager-pain,n_unique_stimuli,-,c35198d3,low,2026-05-31
wager-pain__stimulus_repeats,wager-pain,stimulus_repeats,1-pass,c35198d3,medium,2026-05-31
wager-pain__field_strength,wager-pain,field_strength,3T,c35198d3,medium,2026-05-31
wager-pain__tr_seconds,wager-pain,tr_seconds,2.0,c35198d3,medium,2026-05-31
wager-pain__bids_compliant,wager-pain,bids_compliant,y,c35198d3,medium,2026-05-31
wager-pain__access,wager-pain,access,open,c35198d3,medium,2026-05-31
wager-pain__licence,wager-pain,licence,CC0,c35198d3,medium,2026-05-31
wager-pain__stimulus_licence,wager-pain,stimulus_licence,N/A,c35198d3,medium,2026-05-31
wager-pain__url,wager-pain,url,https://openfmri.org/dataset/ds000140/,c35198d3,medium,2026-05-31
wager-pain__notes,wager-pain,notes,ds000140 self-regulation of heat pain,c35198d3,medium,2026-05-31
ncanda__year,ncanda,year,2015,ba895f02,medium,2026-05-31
ncanda__stimulus_modality,ncanda,stimulus_modality,mixed,ba895f02,medium,2026-05-31
ncanda__population,ncanda,population,addiction,ba895f02,medium,2026-05-31
ncanda__n_subjects,ncanda,n_subjects,800,ba895f02,medium,2026-05-31
ncanda__n_unique_stimuli,ncanda,n_unique_stimuli,-,ba895f02,low,2026-05-31
ncanda__stimulus_repeats,ncanda,stimulus_repeats,annual,ba895f02,medium,2026-05-31
ncanda__hours_per_subject,ncanda,hours_per_subject,~1,ba895f02,medium,2026-05-31
ncanda__field_strength,ncanda,field_strength,3T,ba895f02,medium,2026-05-31
ncanda__tr_seconds,ncanda,tr_seconds,2.0,ba895f02,medium,2026-05-31
ncanda__bids_compliant,ncanda,bids_compliant,y,ba895f02,medium,2026-05-31
ncanda__access,ncanda,access,application,ba895f02,medium,2026-05-31
ncanda__licence,ncanda,licence,custom,ba895f02,medium,2026-05-31
ncanda__stimulus_licence,ncanda,stimulus_licence,N/A,ba895f02,medium,2026-05-31
ncanda__url,ncanda,url,https://www.niaaa.nih.gov/research/major-initiatives/national-consortium-alcohol-and-neurodevelopment-adolescence,ba895f02,medium,2026-05-31
ncanda__notes,ncanda,notes,Adolescent alcohol; stop-signal + faces,ba895f02,medium,2026-05-31
prevent-ad-task__year,prevent-ad-task,year,2019,5d6af40c,medium,2026-05-31
prevent-ad-task__stimulus_modality,prevent-ad-task,stimulus_modality,mixed,5d6af40c,medium,2026-05-31
prevent-ad-task__population,prevent-ad-task,population,mci,5d6af40c,medium,2026-05-31
prevent-ad-task__n_subjects,prevent-ad-task,n_subjects,200,5d6af40c,medium,2026-05-31
prevent-ad-task__n_unique_stimuli,prevent-ad-task,n_unique_stimuli,-,5d6af40c,low,2026-05-31
prevent-ad-task__stimulus_repeats,prevent-ad-task,stimulus_repeats,annual,5d6af40c,medium,2026-05-31
prevent-ad-task__field_strength,prevent-ad-task,field_strength,3T,5d6af40c,medium,2026-05-31
prevent-ad-task__tr_seconds,prevent-ad-task,tr_seconds,2.0,5d6af40c,medium,2026-05-31
prevent-ad-task__bids_compliant,prevent-ad-task,bids_compliant,y,5d6af40c,medium,2026-05-31
prevent-ad-task__access,prevent-ad-task,access,open,5d6af40c,medium,2026-05-31
prevent-ad-task__licence,prevent-ad-task,licence,custom,5d6af40c,medium,2026-05-31
prevent-ad-task__stimulus_licence,prevent-ad-task,stimulus_licence,N/A,5d6af40c,medium,2026-05-31
prevent-ad-task__url,prevent-ad-task,url,https://openpreventad.loris.ca/,5d6af40c,medium,2026-05-31
prevent-ad-task__notes,prevent-ad-task,notes,Object-location associative memory in pre-symptomatic AD risk,5d6af40c,medium,2026-05-31
kessler-inhibition__year,kessler-inhibition,year,2021,c9a40de5,medium,2026-05-31
kessler-inhibition__stimulus_modality,kessler-inhibition,stimulus_modality,mixed,8c295e35,medium,2026-05-31
kessler-inhibition__population,kessler-inhibition,population,adhd,8c295e35,medium,2026-05-31
kessler-inhibition__n_subjects,kessler-inhibition,n_subjects,38,c9a40de5,medium,2026-05-31
kessler-inhibition__n_unique_stimuli,kessler-inhibition,n_unique_stimuli,-,c9a40de5,low,2026-05-31
kessler-inhibition__stimulus_repeats,kessler-inhibition,stimulus_repeats,1-pass,8c295e35,medium,2026-05-31
kessler-inhibition__hours_per_subject,kessler-inhibition,hours_per_subject,~0.5,c9a40de5,medium,2026-05-31
kessler-inhibition__field_strength,kessler-inhibition,field_strength,3T,8c295e35,medium,2026-05-31
kessler-inhibition__bids_compliant,kessler-inhibition,bids_compliant,y,8c295e35,medium,2026-05-31
kessler-inhibition__access,kessler-inhibition,access,openneuro,c9a40de5,medium,2026-05-31
kessler-inhibition__licence,kessler-inhibition,licence,CC0,c9a40de5,medium,2026-05-31
kessler-inhibition__stimulus_licence,kessler-inhibition,stimulus_licence,N/A,c9a40de5,medium,2026-05-31
kessler-inhibition__url,kessler-inhibition,url,https://openneuro.org/,8c295e35,medium,2026-05-31
kessler-inhibition__doi,kessler-inhibition,doi,10.1038/s41597-021-00921-y,8c295e35,medium,2026-05-31
kessler-inhibition__notes,kessler-inhibition,notes,Adults + kids with/without ADHD; Go-NoGo + selective attention,8c295e35,medium,2026-05-31
algonauts-2025__year,algonauts-2025,year,2025,7f9ac40f,medium,2026-05-31
algonauts-2025__stimulus_modality,algonauts-2025,stimulus_modality,film,7f9ac40f,medium,2026-05-31
algonauts-2025__population,algonauts-2025,population,healthy-adult,7f9ac40f,medium,2026-05-31
algonauts-2025__n_subjects,algonauts-2025,n_subjects,4,7f9ac40f,medium,2026-05-31
algonauts-2025__n_unique_stimuli,algonauts-2025,n_unique_stimuli,-,7f9ac40f,low,2026-05-31
algonauts-2025__stimulus_repeats,algonauts-2025,stimulus_repeats,1,7f9ac40f,medium,2026-05-31
algonauts-2025__hours_per_subject,algonauts-2025,hours_per_subject,80,7f9ac40f,medium,2026-05-31
algonauts-2025__field_strength,algonauts-2025,field_strength,3T,7f9ac40f,medium,2026-05-31
algonauts-2025__tr_seconds,algonauts-2025,tr_seconds,1.49,7f9ac40f,medium,2026-05-31
algonauts-2025__bids_compliant,algonauts-2025,bids_compliant,y,7f9ac40f,medium,2026-05-31
algonauts-2025__access,algonauts-2025,access,open,7f9ac40f,medium,2026-05-31
algonauts-2025__licence,algonauts-2025,licence,CC-BY-NC,7f9ac40f,medium,2026-05-31
algonauts-2025__stimulus_licence,algonauts-2025,stimulus_licence,proprietary,7f9ac40f,medium,2026-05-31
algonauts-2025__url,algonauts-2025,url,https://algonautsproject.com/2025/,7f9ac40f,medium,2026-05-31
algonauts-2025__used_in,algonauts-2025,used_in,TRIBE,7f9ac40f,medium,2026-05-31
algonauts-2025__notes,algonauts-2025,notes,Built on CNeuroMod Friends + Movie10,7f9ac40f,medium,2026-05-31
algonauts-2023__year,algonauts-2023,year,2023,bee3aab1,medium,2026-05-31
algonauts-2023__stimulus_modality,algonauts-2023,stimulus_modality,image,bee3aab1,medium,2026-05-31
algonauts-2023__population,algonauts-2023,population,healthy-adult,bee3aab1,medium,2026-05-31
algonauts-2023__n_subjects,algonauts-2023,n_subjects,8,bee3aab1,medium,2026-05-31
algonauts-2023__n_unique_stimuli,algonauts-2023,n_unique_stimuli,9000,bee3aab1,medium,2026-05-31
algonauts-2023__stimulus_repeats,algonauts-2023,stimulus_repeats,1,bee3aab1,medium,2026-05-31
algonauts-2023__field_strength,algonauts-2023,field_strength,7T,bee3aab1,medium,2026-05-31
algonauts-2023__tr_seconds,algonauts-2023,tr_seconds,1.6,bee3aab1,medium,2026-05-31
algonauts-2023__bids_compliant,algonauts-2023,bids_compliant,y,bee3aab1,medium,2026-05-31
algonauts-2023__access,algonauts-2023,access,open,bee3aab1,medium,2026-05-31
algonauts-2023__licence,algonauts-2023,licence,CC-BY-4.0,bee3aab1,medium,2026-05-31
algonauts-2023__stimulus_licence,algonauts-2023,stimulus_licence,COCO-CC,bee3aab1,medium,2026-05-31
algonauts-2023__url,algonauts-2023,url,http://algonauts.csail.mit.edu/,bee3aab1,medium,2026-05-31
algonauts-2023__notes,algonauts-2023,notes,Built on NSD subset,bee3aab1,medium,2026-05-31
algonauts-2021__year,algonauts-2021,year,2021,f74090da,medium,2026-05-31
algonauts-2021__stimulus_modality,algonauts-2021,stimulus_modality,video,f74090da,medium,2026-05-31
algonauts-2021__population,algonauts-2021,population,healthy-adult,f74090da,medium,2026-05-31
algonauts-2021__n_subjects,algonauts-2021,n_subjects,10,f74090da,medium,2026-05-31
algonauts-2021__n_unique_stimuli,algonauts-2021,n_unique_stimuli,1102,f74090da,medium,2026-05-31
algonauts-2021__stimulus_repeats,algonauts-2021,stimulus_repeats,multi,f74090da,medium,2026-05-31
algonauts-2021__field_strength,algonauts-2021,field_strength,3T,f74090da,medium,2026-05-31
algonauts-2021__tr_seconds,algonauts-2021,tr_seconds,1.75,f74090da,medium,2026-05-31
algonauts-2021__bids_compliant,algonauts-2021,bids_compliant,y,f74090da,medium,2026-05-31
algonauts-2021__access,algonauts-2021,access,open,f74090da,medium,2026-05-31
algonauts-2021__licence,algonauts-2021,licence,CC-BY-4.0,f74090da,medium,2026-05-31
algonauts-2021__stimulus_licence,algonauts-2021,stimulus_licence,Memento10k,f74090da,medium,2026-05-31
algonauts-2021__url,algonauts-2021,url,http://algonauts.csail.mit.edu/2021/index.html,f74090da,medium,2026-05-31
algonauts-2021__notes,algonauts-2021,notes,Built on BOLD Moments,f74090da,medium,2026-05-31
tribe-v2__year,tribe-v2,year,2026,d47a48c1,medium,2026-05-31
tribe-v2__stimulus_modality,tribe-v2,stimulus_modality,mixed,d47a48c1,medium,2026-05-31
tribe-v2__population,tribe-v2,population,mixed-clinical,d47a48c1,medium,2026-05-31
tribe-v2__n_subjects,tribe-v2,n_subjects,720,d47a48c1,medium,2026-05-31
tribe-v2__n_unique_stimuli,tribe-v2,n_unique_stimuli,-,d47a48c1,low,2026-05-31
tribe-v2__stimulus_repeats,tribe-v2,stimulus_repeats,many,d47a48c1,medium,2026-05-31
tribe-v2__hours_per_subject,tribe-v2,hours_per_subject,total-1000+h,d47a48c1,medium,2026-05-31
tribe-v2__field_strength,tribe-v2,field_strength,mixed,d47a48c1,medium,2026-05-31
tribe-v2__tr_seconds,tribe-v2,tr_seconds,mixed,d47a48c1,medium,2026-05-31
tribe-v2__bids_compliant,tribe-v2,bids_compliant,y,d47a48c1,medium,2026-05-31
tribe-v2__access,tribe-v2,access,open,d47a48c1,medium,2026-05-31
tribe-v2__licence,tribe-v2,licence,CC-BY-NC,d47a48c1,medium,2026-05-31
tribe-v2__stimulus_licence,tribe-v2,stimulus_licence,mixed,d47a48c1,medium,2026-05-31
tribe-v2__url,tribe-v2,url,https://huggingface.co/facebook/tribev2,d47a48c1,medium,2026-05-31
tribe-v2__notes,tribe-v2,notes,Meta FAIR trimodal brain encoder; weights+code released,d47a48c1,medium,2026-05-31
